summary,config,name,metrics
"{'_runtime': 1346.67881086, '_step': 49, '_timestamp': 1746904211.6959295, '_wandb': {'runtime': 1346}, 'train/acc': 90.698, 'train/epoch_time': 32.663148403167725, 'train/loss': 0.26630586816374296, 'train/update_time': 0.3663625717163086, 'val/acc': 84.57, 'val/epoch_time': 3.103550672531128, 'val/loss': 0.4790842345356941}","{'lr': 0.001, 'eta': None, 'name': 'TopK_0.001', 'strategy': 'TopK', 'num_steps': None, 'optimizer': 'CAdamW', 'num_epochs': 50, 'param_usage': 0.01, 'update_task': None, 'num_restarts': 5, 'error_correction': None}",TopK_0.001_restart_0,"{'train/loss': [1.6148101417609797, 1.32965540855437, 1.1554129423997592, 1.0285923711174285, 0.9288275000994163, 0.8436917609266003, 0.7769240758303181, 0.7249088592236609, 0.6804135847274605, 0.6444116029745478, 0.6208568844191559, 0.5914622261701032, 0.5667094254432736, 0.5436192140402392, 0.5222083829400485, 0.51201981892976, 0.49293452394587917, 0.48091552736204296, 0.4740466425943253, 0.45869529483568333, 0.4461028335420677, 0.43382053820373456, 0.42144847472610375, 0.4196941947464443, 0.40716250553307937, 0.39134662318260166, 0.3893397333448195, 0.3778052959219574, 0.3753992607221579, 0.36619273361647525, 0.364120128247744, 0.3517261620067879, 0.3470574298783032, 0.33675900745727216, 0.33585760058344477, 0.32435782638657124, 0.3237660344680557, 0.316708849709662, 0.31320938475601506, 0.30921898035289686, 0.30407890479278077, 0.3006915322426335, 0.30002293489930576, 0.29599781115265456, 0.28812147530219745, 0.2838277001210186, 0.28296651784568794, 0.2770127552130338, 0.27302496356275074, 0.26630586816374296], 'train/acc': [39.854, 51.594, 58.518, 63.406, 67.044, 70.228, 72.67, 74.378, 76.118, 77.408, 78.314, 79.278, 80.144, 81.202, 81.86, 82.006, 82.708, 83.356, 83.446, 84.026, 84.258, 84.896, 85.356, 85.35, 85.774, 86.266, 86.466, 86.674, 86.976, 87.162, 87.068, 87.618, 87.814, 88.33, 88.138, 88.49, 88.664, 88.734, 88.974, 89.074, 89.166, 89.418, 89.478, 89.46, 89.818, 89.914, 89.928, 90.138, 90.258, 90.698], 'val/loss': [1.567057787179947, 1.3790367925167084, 1.1479726910591126, 1.2174442583322524, 0.9061112290620804, 0.9436764985322952, 0.8349489367008209, 0.6999351361393928, 0.6949823799729348, 0.7422986173629761, 0.6725881394743919, 0.6122474381327629, 0.6304235124588012, 0.6307169562578201, 0.5955878558754921, 0.5806931379437447, 0.5898776134848595, 0.6051604509353637, 0.5622171598672867, 0.5118004363775254, 0.5189254167675972, 0.6250694689154624, 0.5368236175179482, 0.5255769294500351, 0.49180752456188204, 0.5239704117178917, 0.4965059244632721, 0.4802454921603203, 0.4886120700836182, 0.49683394744992254, 0.47520035654306414, 0.4832126250863075, 0.5025690564513207, 0.4776275858283043, 0.5061572429537773, 0.464708634018898, 0.4827944719791412, 0.4793992620706558, 0.462933090031147, 0.4578221479058266, 0.48611093163490293, 0.4623020647466183, 0.44365199089050295, 0.4617290836572647, 0.46406676739454267, 0.4873454709351063, 0.48028710871934893, 0.43636509984731675, 0.4651966480910778, 0.4790842345356941], 'val/acc': [42.09, 50.97, 59.82, 57.86, 67.86, 67.09, 71.23, 75.44, 75.51, 74.48, 76.54, 78.56, 78.01, 78.47, 79.74, 80.02, 79.84, 79.69, 80.62, 82.6, 82.8, 78.8, 82.09, 82.26, 83.44, 82.33, 83.41, 83.93, 83.59, 83.91, 84.11, 84.08, 83.61, 83.8, 83.77, 84.4, 84.07, 84.35, 84.93, 85.07, 84.4, 85.1, 85.75, 85.45, 85.14, 84.7, 84.75, 85.86, 85.3, 84.57]}"
"{'_runtime': 1770.577330935, '_step': 49, '_timestamp': 1746905983.94223, '_wandb': {'runtime': 1770}, 'train/acc': 90.194, 'train/epoch_time': 34.643784523010254, 'train/loss': 0.2775002038463607, 'train/update_time': 0.3465616703033447, 'val/acc': 85.69, 'val/epoch_time': 1.5900990962982178, 'val/loss': 0.43789789929986}","{'lr': 0.001, 'eta': None, 'name': 'TopK_0.001', 'strategy': 'TopK', 'num_steps': None, 'optimizer': 'CAdamW', 'num_epochs': 50, 'param_usage': 0.01, 'update_task': None, 'num_restarts': 5, 'error_correction': None}",TopK_0.001_restart_1,"{'train/loss': [1.5926772965799512, 1.2758530286876746, 1.0978108216124727, 0.9574394479127186, 0.8495008254904881, 0.7842592555848534, 0.7262549434628938, 0.6907783498239639, 0.6450406812950779, 0.617972143013459, 0.5872764059192385, 0.5722961843471088, 0.5474240557312051, 0.5246992861218465, 0.5106681391711125, 0.4929389145673084, 0.4883047536663387, 0.4628721396331592, 0.4580439174419169, 0.438902152545007, 0.4356225998047977, 0.4249999926370733, 0.41428033348239596, 0.4104270057757492, 0.4007485223471966, 0.39124323233314184, 0.38175407581774473, 0.37692748421750716, 0.3716008061795588, 0.3657581925849476, 0.35923493190494643, 0.35334273025660257, 0.3486609599169563, 0.34183461670680426, 0.33320286843325475, 0.33695438530896327, 0.3310070261549767, 0.3195767816908829, 0.3142524065492708, 0.31599864752396295, 0.3060378301174135, 0.30379983992375376, 0.30338237890044745, 0.29755539052626667, 0.2927857564233453, 0.2912115820914583, 0.2877543632255491, 0.2885331211949858, 0.2807919369329272, 0.2775002038463607], 'train/acc': [41.078, 53.83, 60.88, 65.948, 70.04, 72.452, 74.606, 75.864, 77.438, 78.378, 79.484, 80.218, 80.854, 81.736, 82.362, 82.784, 82.98, 83.944, 84.2, 84.672, 84.834, 85.108, 85.726, 85.688, 85.842, 86.276, 86.512, 86.872, 86.97, 86.974, 87.318, 87.55, 87.648, 88.014, 88.318, 88.088, 88.226, 88.736, 88.876, 88.692, 89.242, 89.098, 89.31, 89.574, 89.58, 89.734, 89.754, 89.786, 90.03, 90.194], 'val/loss': [1.609920837879181, 1.2970936751365663, 1.0269110876321792, 0.9709522688388824, 0.892373104095459, 0.839854434132576, 0.8165430265665055, 0.7473888033628464, 0.6705555573105813, 0.6463061711192131, 0.7871808105707169, 0.6612775266170502, 0.6207311573624611, 0.566434391438961, 0.5652678352594376, 0.6108816209435463, 0.5551768273115159, 0.5848051202297211, 0.5420586174726486, 0.5399465638399125, 0.5790848588943481, 0.5435750699043274, 0.5210025662183762, 0.5961056363582611, 0.479096505343914, 0.5068027234077453, 0.47740968734025957, 0.48228611528873444, 0.5097143366932869, 0.4929413002729416, 0.48056743025779725, 0.48769687473773954, 0.48346333250403406, 0.4645334316790104, 0.4774953055381775, 0.5262737095355987, 0.5055621299147606, 0.46512002140283587, 0.47673519611358645, 0.49850576668977736, 0.45010613232851027, 0.5113245642185211, 0.4676718854904175, 0.47792174443602564, 0.4790425468981266, 0.4542880596220493, 0.4779735405743122, 0.4591184161603451, 0.4529219809174538, 0.43789789929986], 'val/acc': [43.91, 53.36, 63.71, 66.36, 68.64, 71.62, 72.31, 74.16, 77.19, 77.32, 74.37, 76.92, 78.84, 80.54, 80.71, 78.99, 81.2, 79.74, 81.63, 81.18, 80.63, 81.51, 82.61, 80.17, 83.53, 82.93, 83.7, 83.53, 82.96, 83.53, 83.99, 83.99, 84.0, 84.5, 84.11, 82.59, 83.49, 84.51, 84.0, 83.88, 85.1, 83.74, 84.56, 84.13, 84.34, 84.89, 84.09, 85.12, 85.46, 85.69]}"
"{'_runtime': 1763.886261938, '_step': 49, '_timestamp': 1746907749.3837552, '_wandb': {'runtime': 1763}, 'train/acc': 89.858, 'train/epoch_time': 31.867191791534424, 'train/loss': 0.2850074552742721, 'train/update_time': 0.3591136932373047, 'val/acc': 84.88, 'val/epoch_time': 1.5151689052581787, 'val/loss': 0.4852128732204437}","{'lr': 0.001, 'eta': None, 'name': 'TopK_0.001', 'strategy': 'TopK', 'num_steps': None, 'optimizer': 'CAdamW', 'num_epochs': 50, 'param_usage': 0.01, 'update_task': None, 'num_restarts': 5, 'error_correction': None}",TopK_0.001_restart_2,"{'train/loss': [1.5988680807220967, 1.29076178147055, 1.1231810055730287, 1.009569588981931, 0.9169253459976762, 0.8296866208086233, 0.7708766068643926, 0.7193226561217052, 0.6792487877104288, 0.6521448760538759, 0.625022779111667, 0.5963819472838545, 0.5725136239205479, 0.550088992432865, 0.5386503719917649, 0.5211828190957188, 0.5032805484121717, 0.4913165214116616, 0.47727018892002837, 0.46752093621836904, 0.4583179780741787, 0.4488278708951857, 0.4347327251720916, 0.4249686395268306, 0.41472361497866833, 0.40251601413082894, 0.3977561259208738, 0.394329749028701, 0.38380924766630775, 0.3769379401450877, 0.37196749906100884, 0.36384661823434905, 0.3587042851292569, 0.35280756362716253, 0.3501426963626271, 0.34197842819458996, 0.33243355074959335, 0.3289071643901298, 0.3220335097264146, 0.3245953338987687, 0.313407911478406, 0.31083282965528386, 0.31015589196816123, 0.3036171372436806, 0.30205271989488236, 0.29813051189455536, 0.2916211861250041, 0.2928499334570392, 0.2845745149170956, 0.2850074552742721], 'train/acc': [40.706, 53.18, 59.744, 63.886, 67.592, 70.538, 72.986, 74.752, 76.318, 77.242, 78.132, 79.248, 80.046, 80.738, 81.126, 81.818, 82.356, 82.904, 83.404, 83.868, 83.966, 84.25, 84.892, 85.164, 85.588, 85.944, 86.146, 86.094, 86.664, 86.862, 86.97, 87.228, 87.398, 87.544, 87.732, 88.074, 88.124, 88.54, 88.672, 88.48, 88.908, 88.97, 88.964, 89.332, 89.334, 89.454, 89.632, 89.472, 89.946, 89.858], 'val/loss': [1.6817319524288177, 1.2141250997781754, 1.0840373396873475, 1.0166881239414216, 0.8959851241111756, 0.832042236328125, 0.8300490820407868, 0.763985690176487, 0.7656778764724731, 0.7115163958072662, 0.6483176547288895, 0.6960457873344421, 0.6471469676494599, 0.6442529660463333, 0.5715850946307183, 0.6104399195313454, 0.5990947377681732, 0.5660060232877732, 0.6019328778982163, 0.5285054415464401, 0.5580572965741157, 0.537166079878807, 0.5378551176190376, 0.49625552088022234, 0.5052539241313935, 0.5474519264698029, 0.5003294223546981, 0.4673695024847984, 0.5039509046077728, 0.4909139266610146, 0.4910906805098057, 0.518015473484993, 0.5173529708385467, 0.45684530377388, 0.46879318594932556, 0.5317786978185177, 0.46369837909936906, 0.48780560776591303, 0.504198203831911, 0.49276507139205933, 0.4798483392596245, 0.5028067854046822, 0.47730855762958524, 0.4735127925872803, 0.463274237960577, 0.4513203689455986, 0.47647650346159937, 0.4655707317590714, 0.4701694194972515, 0.4852128732204437], 'val/acc': [41.14, 56.94, 61.34, 63.86, 67.93, 71.27, 70.78, 73.41, 73.67, 74.77, 77.38, 76.0, 77.62, 77.76, 80.35, 78.9, 79.37, 80.72, 79.69, 81.76, 80.94, 81.61, 81.39, 82.74, 82.16, 81.81, 83.55, 83.96, 82.85, 83.1, 83.25, 82.88, 82.95, 84.45, 84.21, 82.57, 84.36, 83.77, 83.44, 83.63, 84.5, 83.87, 84.25, 84.81, 85.04, 85.18, 84.32, 84.78, 84.68, 84.88]}"
"{'_runtime': 1793.201269011, '_step': 49, '_timestamp': 1746909544.1886866, '_wandb': {'runtime': 1793}, 'train/acc': 90.07, 'train/epoch_time': 33.781044721603394, 'train/loss': 0.2788177950264853, 'train/update_time': 0.4619429111480713, 'val/acc': 85.58, 'val/epoch_time': 2.492907762527466, 'val/loss': 0.4369398632645607}","{'lr': 0.001, 'eta': None, 'name': 'TopK_0.001', 'strategy': 'TopK', 'num_steps': None, 'optimizer': 'CAdamW', 'num_epochs': 50, 'param_usage': 0.01, 'update_task': None, 'num_restarts': 5, 'error_correction': None}",TopK_0.001_restart_3,"{'train/loss': [1.6059727574248448, 1.298493181348152, 1.124498113189512, 1.00818430599959, 0.9078843669818185, 0.8241058786201965, 0.7605164444355099, 0.7193991150087713, 0.674132670511675, 0.6477669664965872, 0.6205299197103057, 0.603082176440817, 0.5719188446431513, 0.5558153609638019, 0.5332400968769933, 0.5161860442679861, 0.5048678335936173, 0.48445622314272635, 0.4734713343327003, 0.45748774787349167, 0.44875854901645496, 0.43998771021738076, 0.42764806579750825, 0.4158810868363856, 0.4097802184731759, 0.40137009818078306, 0.3920458849052639, 0.38303023256609203, 0.38061243905435743, 0.3744912242797939, 0.36894917994966286, 0.35980301779096996, 0.3554154720605182, 0.34658713429175375, 0.3411423754509148, 0.3401498817803, 0.3296671156840556, 0.33330357349132333, 0.31735639415128764, 0.31264061848525804, 0.3138615415452996, 0.3079516405949507, 0.30258380745530433, 0.2982914200448014, 0.2963009511723238, 0.28692305202374374, 0.28620478415580664, 0.28408248486268856, 0.2835763589576687, 0.2788177950264853], 'train/acc': [40.772, 52.952, 59.864, 64.09, 67.858, 71.072, 73.27, 74.812, 76.51, 77.246, 78.41, 79.004, 80.006, 80.736, 81.32, 82.048, 82.326, 83.052, 83.42, 84.046, 84.384, 84.64, 84.982, 85.54, 85.768, 85.876, 86.462, 86.634, 86.644, 86.79, 87.028, 87.318, 87.54, 87.858, 87.954, 88.066, 88.36, 88.302, 88.776, 89.112, 89.034, 88.958, 89.45, 89.376, 89.486, 89.844, 89.81, 90.014, 90.152, 90.07], 'val/loss': [1.6079274797439576, 1.2258828729391098, 1.1917589837312699, 1.0532547438144684, 0.9970504367351531, 1.0979223787784576, 0.760611672103405, 0.9917907363176346, 0.876866779923439, 0.8271460777521134, 0.6891100683808327, 0.6815491917729378, 0.6198513245582581, 0.6046593806147575, 0.6248413875699044, 0.5954077315330505, 0.5643332415819168, 0.5899421948194504, 0.5331271743774414, 0.617378199994564, 0.5561406031250954, 0.5407818400859833, 0.5093317079544067, 0.5811880943179131, 0.6191777381300926, 0.5051595696806908, 0.5422980752587319, 0.48636402308940885, 0.5390689268708229, 0.4733024260401726, 0.49464344173669816, 0.47309366166591643, 0.4657154807448387, 0.4925901465117931, 0.46588482096791267, 0.47531076312065124, 0.481702184677124, 0.496390268355608, 0.5223276972770691, 0.47129265367984774, 0.44462689235806463, 0.4407997079193592, 0.4487357631325722, 0.45014377921819687, 0.46983754351735113, 0.4436806087195873, 0.4782969704270363, 0.47735132843255995, 0.42886333957314493, 0.4369398632645607], 'val/acc': [42.01, 56.11, 58.27, 63.08, 65.33, 63.13, 73.24, 67.97, 71.28, 72.17, 76.67, 76.77, 78.8, 79.01, 78.77, 79.62, 80.93, 80.14, 82.03, 78.95, 81.05, 81.64, 82.83, 80.37, 78.77, 82.91, 81.8, 83.8, 82.22, 83.52, 83.45, 84.14, 84.48, 83.73, 84.75, 84.04, 83.84, 83.55, 82.57, 84.89, 85.52, 85.45, 85.46, 85.41, 84.65, 85.69, 84.65, 84.16, 86.01, 85.58]}"
"{'_runtime': 1450.834166135, '_step': 49, '_timestamp': 1746910996.8024492, '_wandb': {'runtime': 1450}, 'train/acc': 90.346, 'train/epoch_time': 24.035829305648804, 'train/loss': 0.2729603735839619, 'train/update_time': 0.3679938316345215, 'val/acc': 85.14, 'val/epoch_time': 1.7344517707824707, 'val/loss': 0.4666158494353294}","{'lr': 0.001, 'eta': None, 'name': 'TopK_0.001', 'strategy': 'TopK', 'num_steps': None, 'optimizer': 'CAdamW', 'num_epochs': 50, 'param_usage': 0.01, 'update_task': None, 'num_restarts': 5, 'error_correction': None}",TopK_0.001_restart_4,"{'train/loss': [1.5810683932145844, 1.275813538247667, 1.110197596385351, 0.9880422882716674, 0.8831169275981386, 0.8142227826216032, 0.7489137843136897, 0.7008111550070136, 0.6686162358659613, 0.6361741567664134, 0.6014654570833191, 0.5818589925003783, 0.5642550772870593, 0.5447573559668363, 0.5281300288636971, 0.5161473520119172, 0.49282891655821937, 0.4870890742525115, 0.4719925974031239, 0.459196472488096, 0.4531215401866552, 0.434344667607866, 0.42604868064451096, 0.42116161986537604, 0.4143842492262116, 0.403224578598881, 0.39093935786915557, 0.39270595489712934, 0.3825210084771866, 0.3745882114028687, 0.3685172926968016, 0.36080314969772576, 0.35886803086456437, 0.3484341234273618, 0.339075425015691, 0.3332921659092769, 0.33043235079254335, 0.3241586679083002, 0.31963271428557005, 0.31554876142145727, 0.31003294039107954, 0.30982887767769796, 0.3024119277058355, 0.2971936062054561, 0.2934960009877944, 0.2908572608705067, 0.29151860736977414, 0.28453075706653885, 0.2822269460619868, 0.2729603735839619], 'train/acc': [41.836, 54.0, 60.322, 64.742, 68.632, 71.444, 73.778, 75.49, 76.58, 77.846, 78.934, 79.666, 80.32, 81.054, 81.616, 82.148, 82.792, 82.926, 83.674, 83.95, 84.158, 84.818, 85.106, 85.234, 85.482, 85.776, 86.336, 86.198, 86.502, 86.796, 87.024, 87.268, 87.334, 87.656, 88.164, 88.488, 88.472, 88.496, 88.622, 88.89, 89.112, 88.974, 89.338, 89.444, 89.642, 89.83, 89.602, 89.914, 90.08, 90.346], 'val/loss': [1.5245681166648866, 1.3301211559772492, 1.0373191565275193, 1.0139696151018143, 0.8760156452655792, 0.9087878537178039, 0.7798864158987999, 0.8273773509263992, 0.7054295203089714, 0.6744860002398491, 0.6527169606089592, 0.6435468795895577, 0.6135247310996056, 0.6401400735974312, 0.7000757917761803, 0.6048123437166214, 0.5720741808414459, 0.5469201397895813, 0.5640237140655517, 0.6423096257448196, 0.5263756385445595, 0.5470315861701965, 0.571406389772892, 0.5108743485808372, 0.5596002998948097, 0.5030444973707199, 0.4753616496920586, 0.5142413347959518, 0.47853228211402893, 0.5596423107385635, 0.5116223102807999, 0.4549367041885853, 0.49318415522575376, 0.4618315330147743, 0.4712265898287296, 0.4611810284852982, 0.4703034992516041, 0.47049792259931567, 0.4569917646050453, 0.5146587935090065, 0.4631077307462692, 0.4456802141666412, 0.4622433264553547, 0.495213166475296, 0.4801365077495575, 0.48353195637464524, 0.4553122183680534, 0.4639501509070396, 0.4516534771025181, 0.4666158494353294], 'val/acc': [45.47, 52.06, 62.62, 64.2, 69.12, 68.02, 72.14, 72.13, 75.54, 76.88, 77.6, 77.34, 78.92, 78.04, 76.24, 79.47, 80.26, 81.0, 80.18, 78.31, 82.27, 81.33, 80.77, 82.83, 81.13, 82.97, 84.33, 83.04, 83.79, 81.72, 83.0, 84.64, 83.83, 84.77, 84.25, 84.67, 84.45, 84.4, 84.79, 83.07, 84.68, 85.36, 84.85, 83.94, 84.59, 84.92, 84.71, 85.17, 85.41, 85.14]}"
"{'_runtime': 1476.025472968, '_step': 49, '_timestamp': 1746912474.51711, '_wandb': {'runtime': 1476}, 'train/acc': 98.034, 'train/epoch_time': 28.415092706680294, 'train/loss': 0.056512624856627655, 'train/update_time': 0.6834287643432617, 'val/acc': 90.62, 'val/epoch_time': 1.824345588684082, 'val/loss': 0.41472611263394354}","{'lr': 0.002, 'eta': None, 'name': 'TopK_EF_0.002', 'strategy': 'TopK', 'num_steps': None, 'optimizer': 'CAdamW', 'num_epochs': 50, 'param_usage': 0.01, 'update_task': None, 'num_restarts': 5, 'error_correction': 'EF'}",TopK_EF_0.002_restart_0,"{'train/loss': [1.8515736422575344, 1.556010359388483, 1.264130022062365, 1.0506938842251479, 0.9130489082287645, 0.7969321481254704, 0.7029458993993452, 0.6360787189067783, 0.5655447118879889, 0.5171719419072046, 0.47164940445319464, 0.41600128512858126, 0.39040765711261183, 0.3680869633584376, 0.32986283058400656, 0.31112668124001347, 0.273328251317334, 0.2577055967829721, 0.24660666416520657, 0.21653954574214224, 0.21141238331489856, 0.1920226798071276, 0.17968631406193195, 0.17190730150627054, 0.15698071648283382, 0.14786901687988846, 0.1351349245842613, 0.1311463667865833, 0.1265593711810801, 0.11660032466892391, 0.10296391889624432, 0.1020041138857908, 0.0979697265045341, 0.08972822948146963, 0.08964524759918147, 0.08135872818243778, 0.08145333791289792, 0.08361144562054168, 0.077391053817909, 0.07387969649546897, 0.06813806420920984, 0.06453632493562939, 0.061032314875337015, 0.05926671804255232, 0.05925977222926324, 0.05743898401070205, 0.05610515311231737, 0.060403324003853, 0.05654063858234745, 0.056512624856627655], 'train/acc': [31.7, 42.51, 53.722, 62.17, 66.988, 71.804, 75.12, 77.602, 80.166, 81.926, 83.668, 85.584, 86.506, 87.176, 88.474, 89.118, 90.37, 91.01, 91.54, 92.502, 92.636, 93.26, 93.762, 93.988, 94.284, 94.85, 95.134, 95.286, 95.548, 95.808, 96.36, 96.394, 96.504, 96.798, 96.91, 97.118, 97.178, 97.108, 97.204, 97.376, 97.576, 97.816, 97.836, 97.924, 97.918, 97.944, 98.01, 97.808, 97.998, 98.034], 'val/loss': [1.8282799732685089, 1.465614334344864, 1.2565160548686982, 1.100651928782463, 0.8744921272993088, 0.8580356711149215, 0.745781429708004, 0.6994013544917107, 0.6041827380657196, 0.5784302571415901, 0.5050558902323246, 0.5118303737044334, 0.5250395897030831, 0.4860066017508507, 0.534090477079153, 0.40476552486419676, 0.38475736007094385, 0.38039052456617356, 0.40568607062101364, 0.3867947541177273, 0.4179610897600651, 0.4345429049432278, 0.36561018228530884, 0.34791013315320013, 0.35598373085260393, 0.34905006140470507, 0.37590338952839375, 0.3789577032625675, 0.37867945939302444, 0.39593982867896554, 0.36434696801006794, 0.3594124968349934, 0.3711923536658287, 0.36054099150002, 0.3817096922546625, 0.36679632127285006, 0.4079025515913963, 0.43335762441158293, 0.3541572669893503, 0.3884057892020792, 0.4295416259020567, 0.3867925278842449, 0.4187263524532318, 0.4192720152065158, 0.41350027605891226, 0.41669506803154943, 0.4032645970582962, 0.36987734518945214, 0.3770730959996581, 0.41472611263394354], 'val/acc': [36.98, 48.41, 57.7, 62.17, 70.0, 70.18, 74.12, 76.44, 78.8, 80.08, 83.05, 83.07, 83.31, 84.24, 82.64, 86.36, 87.09, 88.12, 87.22, 87.77, 87.48, 86.97, 88.97, 89.48, 89.47, 89.59, 89.53, 89.63, 89.06, 89.49, 90.38, 90.18, 90.31, 90.26, 90.04, 90.89, 89.96, 89.55, 90.69, 90.58, 89.8, 90.87, 90.76, 90.54, 91.06, 90.46, 90.82, 90.89, 91.11, 90.62]}"
"{'_runtime': 1462.222347367, '_step': 49, '_timestamp': 1746913938.381706, '_wandb': {'runtime': 1462}, 'train/acc': 98.236, 'train/epoch_time': 27.363948822021484, 'train/loss': 0.05101333501036553, 'train/update_time': 0.388887882232666, 'val/acc': 90.67, 'val/epoch_time': 2.2402069568634033, 'val/loss': 0.4123763883858919}","{'lr': 0.002, 'eta': None, 'name': 'TopK_EF_0.002', 'strategy': 'TopK', 'num_steps': None, 'optimizer': 'CAdamW', 'num_epochs': 50, 'param_usage': 0.01, 'update_task': None, 'num_restarts': 5, 'error_correction': 'EF'}",TopK_EF_0.002_restart_1,"{'train/loss': [1.8414981502401249, 1.5504039032075105, 1.2886878084343718, 1.1008731908810414, 0.9785995312663905, 0.8655659411569385, 0.7665818249782943, 0.6776096284999262, 0.5975116336589579, 0.5378618581063302, 0.4830446359903916, 0.43656831213732816, 0.4038982036168618, 0.3600030303230066, 0.3311999805671785, 0.30549297251207447, 0.2869906506651198, 0.2630877852668543, 0.24232752722166384, 0.2281506766215005, 0.2057082765471295, 0.19309294246651632, 0.17738169688931513, 0.1793835166260562, 0.15236339145494848, 0.1441556789990886, 0.1354948277335109, 0.12464651982288075, 0.11844680744135166, 0.11263138867552629, 0.11016054331417889, 0.09827676431640335, 0.09655072504554486, 0.08717365889235988, 0.08787244434951974, 0.07995694809500366, 0.07953186891496639, 0.0801635388537403, 0.07493574183929683, 0.06777094133064875, 0.07164793331033129, 0.06249832552012123, 0.06334633740079601, 0.06307629969976175, 0.057138646346614565, 0.05495030706381554, 0.05541798326632251, 0.062401821324720864, 0.053968807351310995, 0.05101333501036553], 'train/acc': [32.334, 42.386, 52.626, 60.218, 64.912, 69.274, 72.72, 75.924, 78.966, 81.094, 83.072, 84.824, 85.93, 87.382, 88.57, 89.48, 90.004, 90.852, 91.544, 92.02, 92.686, 93.222, 93.686, 93.684, 94.554, 94.906, 95.22, 95.578, 95.856, 96.022, 96.094, 96.478, 96.554, 96.962, 96.93, 97.166, 97.17, 97.21, 97.44, 97.626, 97.544, 97.756, 97.772, 97.83, 97.972, 98.082, 98.056, 97.81, 98.16, 98.236], 'val/loss': [2.3420733416080477, 1.519880496263504, 1.3199476170539857, 1.058113385438919, 1.0979460299015045, 0.8344290655851364, 0.9721066117286682, 0.7860406422615052, 0.772840411067009, 0.6529789555072785, 0.7461225965619087, 0.5076153461635112, 0.5069672790169716, 0.43926133811473844, 0.44423170179128646, 0.3929346714913845, 0.39397427678108216, 0.40413661375641824, 0.41265745922923086, 0.3875961074233055, 0.4264609181880951, 0.4521590502560139, 0.44397945508360864, 0.4059035977721214, 0.3623264060169458, 0.37143565475940704, 0.34787066612392664, 0.3719903965294361, 0.3854731375724077, 0.4026425235718489, 0.34953240409493447, 0.37965841934084893, 0.3584532242268324, 0.3710802511125803, 0.3688566283136606, 0.4121811279654503, 0.42252314791083334, 0.41149457201361656, 0.38188029766082765, 0.3991139718145132, 0.3600857204943895, 0.37686787769198415, 0.3879229129105806, 0.44911024779081343, 0.3631872368603945, 0.38339570835232734, 0.4643955898284912, 0.4118350499868393, 0.3944060931354761, 0.4123763883858919], 'val/acc': [26.97, 45.88, 53.73, 62.45, 61.62, 70.85, 68.57, 73.65, 75.13, 77.69, 77.34, 83.26, 82.85, 85.25, 85.49, 87.0, 87.24, 87.1, 87.08, 87.97, 87.6, 86.54, 86.91, 88.03, 89.07, 89.52, 90.09, 89.55, 89.67, 89.21, 90.45, 90.22, 90.09, 90.22, 90.24, 90.03, 89.78, 89.57, 90.74, 90.58, 91.15, 90.8, 90.72, 89.85, 91.43, 90.88, 90.02, 90.77, 90.94, 90.67]}"
"{'_runtime': 1490.969152106, '_step': 49, '_timestamp': 1746915431.063929, '_wandb': {'runtime': 1490}, 'train/acc': 98.054, 'train/epoch_time': 28.150124311447144, 'train/loss': 0.05530808542919395, 'train/update_time': 0.30194664001464844, 'val/acc': 91.43, 'val/epoch_time': 2.264272928237915, 'val/loss': 0.3642841175943613}","{'lr': 0.002, 'eta': None, 'name': 'TopK_EF_0.002', 'strategy': 'TopK', 'num_steps': None, 'optimizer': 'CAdamW', 'num_epochs': 50, 'param_usage': 0.01, 'update_task': None, 'num_restarts': 5, 'error_correction': 'EF'}",TopK_EF_0.002_restart_2,"{'train/loss': [1.8380743182833543, 1.5389476548070493, 1.2519751214005452, 1.06429364553193, 0.9423684689699842, 0.8085146349714235, 0.689442943505314, 0.614314090717784, 0.5531350464924522, 0.49751211424617814, 0.4551082885707431, 0.41773414756635874, 0.39084397904250934, 0.3538017959317283, 0.31217438157866984, 0.29901876001406813, 0.28129778356503343, 0.2569212205993855, 0.23607771586426687, 0.22436302883164658, 0.20349142439377582, 0.18786664154675917, 0.18303320175775176, 0.1633110189300669, 0.15409373948374366, 0.13952917401747936, 0.1361118620142455, 0.1245799378284713, 0.11862644651318754, 0.116953292999731, 0.10577799600865835, 0.1016160138237202, 0.09567271684870467, 0.09141381283092986, 0.08758781208416157, 0.07962810205738716, 0.07885843434887926, 0.07095713837219932, 0.07335453717004689, 0.06813662380094418, 0.07066027835116286, 0.0649716810935446, 0.06357944283701117, 0.056761431331505706, 0.06207639797259589, 0.059959285073172865, 0.05795568460836778, 0.052726596841574325, 0.05155354223387969, 0.05530808542919395], 'train/acc': [31.978, 43.46, 54.348, 62.03, 66.266, 71.368, 75.704, 78.658, 80.644, 82.728, 84.068, 85.548, 86.46, 87.65, 89.19, 89.598, 90.212, 90.958, 91.658, 92.146, 92.97, 93.428, 93.448, 94.186, 94.578, 95.09, 95.164, 95.606, 95.742, 95.878, 96.144, 96.376, 96.664, 96.68, 96.914, 97.202, 97.238, 97.476, 97.39, 97.614, 97.426, 97.696, 97.826, 98.012, 97.772, 97.91, 97.902, 98.128, 98.18, 98.054], 'val/loss': [1.8762129282951354, 1.4087938356399536, 1.23466155230999, 1.0077730423212052, 1.1410237151384353, 0.8315705883502961, 0.7666135743260384, 0.6982610887289047, 0.7252975723147392, 0.5285446865856648, 0.5519593292474747, 0.5605902722477913, 0.4540714767575264, 0.4244255384802818, 0.46314159899950025, 0.4156318938732147, 0.43335700139403344, 0.3919003959000111, 0.417130062431097, 0.3995699618756771, 0.38689625583589077, 0.4103324018418789, 0.3549072337150574, 0.3652068969607353, 0.34695216551423075, 0.37430606491863727, 0.3503700143098831, 0.3475417791306972, 0.3913534697890282, 0.36050310216844084, 0.3734120062738657, 0.3430810927227139, 0.35621892012655737, 0.4097091469913721, 0.38351205438375474, 0.36385771743953227, 0.36122060015797613, 0.33905900191515687, 0.34981487136334183, 0.3677230117097497, 0.40388436660170557, 0.4017347994074225, 0.39129734933376314, 0.36992753319442273, 0.3689472894743085, 0.4022783002257347, 0.4259148435294628, 0.4064445062726736, 0.4661604406125843, 0.3642841175943613], 'val/acc': [35.95, 48.14, 56.47, 64.76, 62.84, 72.04, 73.33, 76.25, 76.12, 81.89, 82.28, 81.41, 84.46, 86.11, 85.25, 86.55, 86.02, 87.34, 87.38, 87.54, 88.04, 87.53, 89.3, 89.41, 89.48, 89.39, 89.69, 90.1, 89.12, 90.29, 89.95, 90.35, 90.56, 89.63, 89.9, 90.96, 90.76, 91.6, 91.08, 91.35, 90.25, 90.37, 90.99, 91.14, 91.06, 90.48, 90.41, 91.18, 90.22, 91.43]}"
"{'_runtime': 1862.66511736, '_step': 49, '_timestamp': 1746917295.345217, '_wandb': {'runtime': 1862}, 'train/acc': 98.098, 'train/epoch_time': 35.541733264923096, 'train/loss': 0.05300732161563909, 'train/update_time': 1.1220216751098633, 'val/acc': 90.42, 'val/epoch_time': 2.5709922313690186, 'val/loss': 0.4299173840880394}","{'lr': 0.002, 'eta': None, 'name': 'TopK_EF_0.002', 'strategy': 'TopK', 'num_steps': None, 'optimizer': 'CAdamW', 'num_epochs': 50, 'param_usage': 0.01, 'update_task': None, 'num_restarts': 5, 'error_correction': 'EF'}",TopK_EF_0.002_restart_3,"{'train/loss': [1.858289497282804, 1.51051380902605, 1.2863410778362732, 1.1039016341309413, 0.9595083928169192, 0.8249565725741179, 0.7404223537963369, 0.6499812390340869, 0.5857430812343002, 0.5136237379230196, 0.48596812239693254, 0.4314843606003715, 0.3931450740531887, 0.3648677429427271, 0.33730573853111023, 0.30945742751478844, 0.28927072339579274, 0.2690679072723974, 0.23813670136205986, 0.22764348417825406, 0.22206974948001335, 0.19792381321530209, 0.1816973001374613, 0.16409013401288206, 0.16602077103598648, 0.1442129351675053, 0.13786034143108236, 0.12417506667620995, 0.11683825680704983, 0.11830886719686448, 0.10963204479240396, 0.10771098788684744, 0.09769246274667323, 0.09634530841065642, 0.0847035376474147, 0.08152564925849057, 0.07643020672061483, 0.07445991748129316, 0.07667505695863301, 0.07009855990329057, 0.06801736728786051, 0.06902513070903776, 0.06259741574821188, 0.061794240043148436, 0.06105174563701272, 0.061481713497168036, 0.056279251871206575, 0.05942531089272226, 0.05305329044742505, 0.05300732161563909], 'train/acc': [31.772, 43.806, 52.832, 60.18, 65.608, 70.578, 73.85, 77.338, 79.498, 82.236, 83.054, 85.188, 86.316, 87.274, 88.264, 89.25, 89.762, 90.61, 91.638, 91.98, 92.138, 93.02, 93.658, 94.224, 94.038, 94.922, 95.088, 95.642, 95.914, 95.77, 96.1, 96.134, 96.486, 96.598, 97.05, 97.108, 97.3, 97.356, 97.29, 97.494, 97.612, 97.542, 97.84, 97.792, 97.782, 97.844, 98.022, 97.892, 98.164, 98.098], 'val/loss': [1.7046600806713104, 1.556753146648407, 1.2628383547067643, 1.0056476587057113, 0.9383090656995773, 0.7603480955958366, 0.7927063935995102, 0.7037047553062439, 0.546033063530922, 0.5847346660494804, 0.6648452028632164, 0.4610738658905029, 0.5018169656395912, 0.4989587518572807, 0.45584303662180903, 0.39652112931013106, 0.4285434830188751, 0.4186228078603744, 0.365970728546381, 0.3747772565484047, 0.36809018105268476, 0.3889366391301155, 0.3387239460647106, 0.38729504123330116, 0.36396069809794424, 0.3640885224938393, 0.34436449967324734, 0.35350809633731844, 0.41178790345788, 0.3596541434153914, 0.36922008499503134, 0.3428797543048859, 0.408779212012887, 0.3689241708815098, 0.4025901421904564, 0.3845301841944456, 0.3819177716225386, 0.382092744037509, 0.37801164828240874, 0.3990862476453185, 0.3945334833860397, 0.38586700171232224, 0.41601258784532547, 0.42274482861161233, 0.39534437857568266, 0.38289343550801275, 0.3742579951882362, 0.3730063983425498, 0.37959634263068437, 0.4299173840880394], 'val/acc': [37.19, 44.28, 55.81, 63.96, 66.98, 73.34, 72.49, 76.18, 81.39, 80.1, 79.01, 84.01, 83.21, 83.56, 85.3, 87.11, 86.6, 86.18, 88.39, 88.14, 87.96, 88.2, 89.33, 88.47, 88.5, 89.78, 89.64, 90.3, 88.95, 90.33, 90.08, 90.67, 89.71, 90.27, 89.69, 90.04, 90.57, 90.71, 90.42, 90.5, 90.56, 90.64, 90.38, 90.03, 90.77, 91.04, 91.23, 91.1, 91.21, 90.42]}"
"{'_runtime': 1798.569226106, '_step': 49, '_timestamp': 1746919095.5419004, '_wandb': {'runtime': 1798}, 'train/acc': 98.08, 'train/epoch_time': 28.094823837280273, 'train/loss': 0.05331238195100023, 'train/update_time': 0.4272181987762451, 'val/acc': 91.38, 'val/epoch_time': 2.4979355335235596, 'val/loss': 0.3642200977727771}","{'lr': 0.002, 'eta': None, 'name': 'TopK_EF_0.002', 'strategy': 'TopK', 'num_steps': None, 'optimizer': 'CAdamW', 'num_epochs': 50, 'param_usage': 0.01, 'update_task': None, 'num_restarts': 5, 'error_correction': 'EF'}",TopK_EF_0.002_restart_4,"{'train/loss': [1.856157475115393, 1.5784150142498943, 1.335080464172851, 1.163033246841577, 0.9752747416496277, 0.8563312877474538, 0.7522379161451783, 0.6549758628353743, 0.5845290186155178, 0.5226598715080935, 0.4611755339309688, 0.42911253987675735, 0.4052836934623816, 0.36959207789672305, 0.3406741795942302, 0.31230664249423823, 0.28911439281747775, 0.265012376410577, 0.24745487585625686, 0.23025119407555025, 0.21120879741961998, 0.19820035220412038, 0.18498696870816028, 0.17376506724930785, 0.15647532875694886, 0.14859708107988853, 0.14162390447600418, 0.13682097152752035, 0.12394172435297686, 0.11692372541827009, 0.10942879007638567, 0.10578544649397931, 0.09985835745911617, 0.0931401255747775, 0.0927611737204787, 0.08266192845657201, 0.07891422910782535, 0.0774827815849534, 0.07600710929497657, 0.06942953065256863, 0.06916427937910304, 0.06896791015954121, 0.0628489810542282, 0.06062065980985494, 0.0626792199933506, 0.05485843860334657, 0.06383891193710668, 0.055069261003056987, 0.05250992656201887, 0.05331238195100023], 'train/acc': [31.918, 41.234, 50.84, 57.868, 65.188, 69.67, 73.448, 77.124, 79.766, 81.94, 84.296, 85.158, 85.898, 87.094, 88.214, 89.15, 89.92, 90.744, 91.382, 91.948, 92.598, 93.018, 93.474, 93.898, 94.542, 94.634, 94.91, 95.128, 95.626, 95.904, 96.15, 96.206, 96.45, 96.646, 96.654, 97.094, 97.224, 97.276, 97.292, 97.528, 97.542, 97.556, 97.826, 97.874, 97.77, 98.094, 97.758, 98.132, 98.104, 98.08], 'val/loss': [1.8047775316238404, 1.7349256932735444, 1.5190446639060975, 1.170267367362976, 0.9691516464948654, 0.8881791108846664, 0.8320544451475144, 0.7188776701688766, 0.6343675655126572, 0.5647653377056122, 0.5681719326972962, 0.5675531402230263, 0.5291984820365906, 0.42680533692240713, 0.5036769039928913, 0.38693802058696747, 0.41380697548389433, 0.37610340759158134, 0.39104682371020316, 0.34652721412479875, 0.3434650425612926, 0.39036081477999685, 0.3617630517482758, 0.33783356465399267, 0.331693614423275, 0.33412253618240356, 0.3621182988584042, 0.3867876708507538, 0.336359249278903, 0.36544052839279173, 0.38752326294779776, 0.3600983016192913, 0.3782180133461952, 0.40259303376078603, 0.38980468198657037, 0.3483378659188747, 0.3528050262480974, 0.4231528626382351, 0.39826407745480535, 0.4084785384684801, 0.3864319086074829, 0.33718234561383725, 0.3956544016301632, 0.39530168026685714, 0.3778212840855122, 0.36066032759845257, 0.3687264995276928, 0.37397028841078284, 0.4224078643321991, 0.3642200977727771], 'val/acc': [33.46, 40.66, 47.88, 58.64, 66.48, 69.72, 71.02, 75.98, 78.99, 80.52, 81.14, 81.8, 82.71, 85.88, 83.08, 87.32, 86.35, 88.07, 87.66, 88.81, 89.24, 87.95, 88.86, 89.77, 89.57, 89.99, 89.68, 89.44, 90.94, 90.19, 89.89, 90.42, 90.14, 89.44, 90.09, 91.25, 91.0, 90.01, 90.28, 90.72, 90.48, 91.54, 90.39, 90.81, 90.8, 91.47, 91.0, 91.14, 90.72, 91.38]}"
"{'_runtime': 1771.013715959, '_step': 49, '_timestamp': 1746929062.926316, '_wandb': {'runtime': 1771}, 'train/acc': 97.86, 'train/epoch_time': 29.73801970481873, 'train/loss': 0.06098325904744589, 'train/update_time': 0.41866397857666016, 'val/acc': 90.54, 'val/epoch_time': 2.3392038345336914, 'val/loss': 0.38007716968655586}","{'lr': 0.0001, 'eta': None, 'name': 'SCAM_TopK_0.0001', 'strategy': 'TopK', 'num_steps': None, 'optimizer': 'CAdamW', 'num_epochs': 50, 'param_usage': 0.01, 'update_task': None, 'num_restarts': 5, 'error_correction': 'EF'}",SCAM_TopK_0.0001_restart_0,"{'train/loss': [1.65256705674369, 1.215126667638569, 0.9874693579076196, 0.8191668342446428, 0.7157726678092157, 0.6250886314970148, 0.5673487412807582, 0.5110999896093402, 0.47666160628923676, 0.44609345095541775, 0.4102089375333713, 0.3744341756605431, 0.3568906798920668, 0.3303151081513871, 0.31111012902253726, 0.297208142021428, 0.2729099012930375, 0.26183237055378494, 0.24615336142842423, 0.2299816731716056, 0.22134300767232085, 0.21000118502189435, 0.19817688289429525, 0.18465182472906455, 0.17728311303631425, 0.1653221413645598, 0.1625150679932226, 0.14841623958724234, 0.14691819379206203, 0.13757615234426526, 0.12442032702248115, 0.12114593534327833, 0.11748376005160077, 0.11168561498527332, 0.10680616612705733, 0.10251848552557057, 0.10127306507562128, 0.09393854873716984, 0.09167634705295953, 0.08568618732892797, 0.08749945410777388, 0.07954277264435425, 0.07549853013623553, 0.07149485958373303, 0.07274600755318504, 0.06755026502063131, 0.06599403813224086, 0.06163255717900708, 0.06835901318951641, 0.06098325904744589], 'train/acc': [38.868, 56.132, 65.042, 71.258, 74.85, 78.074, 80.256, 82.146, 83.422, 84.666, 85.714, 87.06, 87.504, 88.718, 89.048, 89.638, 90.446, 90.764, 91.49, 91.946, 92.264, 92.63, 93.026, 93.622, 93.808, 94.178, 94.276, 94.754, 94.854, 95.172, 95.62, 95.718, 95.932, 96.026, 96.26, 96.384, 96.34, 96.608, 96.71, 96.938, 96.892, 97.106, 97.346, 97.474, 97.452, 97.638, 97.668, 97.874, 97.544, 97.86], 'val/loss': [1.4625905096530913, 1.168324086666107, 0.9592446744441986, 0.8684235727787017, 0.7529282802343369, 0.7015438288450241, 0.6157312345504761, 0.5530075150728225, 0.5495359143614769, 0.5028038096427917, 0.5212038999795914, 0.5149610824882984, 0.4770425017178059, 0.4632573117315769, 0.4861070021986961, 0.4224480712413788, 0.4594492679834366, 0.38276387155056, 0.4152887660264969, 0.41099098697304726, 0.4502680070698261, 0.41658296912908555, 0.39687954284250737, 0.42294869616627695, 0.39427840620279314, 0.4317071050405502, 0.36877707242965696, 0.4625861651450396, 0.37270846277475356, 0.36373032204806804, 0.3562614445388317, 0.42167684078216555, 0.3747659160196781, 0.38420468136668207, 0.3755412293970585, 0.3746155294775963, 0.379305554702878, 0.38706318438053133, 0.39279757797718046, 0.4214850948750973, 0.3995534065365791, 0.4129855467379093, 0.3999920552968979, 0.4494707883894444, 0.37451653845608235, 0.4271266961097717, 0.37034822538495066, 0.41251690044999123, 0.3978535194694996, 0.38007716968655586], 'val/acc': [47.94, 57.99, 66.61, 70.22, 74.17, 75.83, 79.11, 80.85, 81.48, 82.79, 82.68, 83.21, 84.17, 84.4, 84.42, 85.69, 85.42, 87.63, 86.66, 86.95, 86.01, 87.23, 87.83, 86.97, 87.55, 87.3, 89.03, 86.72, 88.96, 89.51, 89.63, 88.48, 89.51, 89.53, 89.33, 89.61, 89.7, 89.87, 89.73, 88.99, 89.56, 89.22, 90.0, 88.94, 90.41, 89.41, 90.73, 89.75, 90.08, 90.54]}"
"{'_runtime': 1772.838108997, '_step': 49, '_timestamp': 1746930837.444574, '_wandb': {'runtime': 1772}, 'train/acc': 97.844, 'train/epoch_time': 26.990900993347168, 'train/loss': 0.06081112705485519, 'train/update_time': 0.3180670738220215, 'val/acc': 89.91, 'val/epoch_time': 2.746366024017334, 'val/loss': 0.402835343927145}","{'lr': 0.0001, 'eta': None, 'name': 'SCAM_TopK_0.0001', 'strategy': 'TopK', 'num_steps': None, 'optimizer': 'CAdamW', 'num_epochs': 50, 'param_usage': 0.01, 'update_task': None, 'num_restarts': 5, 'error_correction': 'EF'}",SCAM_TopK_0.0001_restart_1,"{'train/loss': [1.6520720967246443, 1.1969803570176634, 0.9609020512427211, 0.7949249143795589, 0.6893577773857604, 0.6201606244992113, 0.5560133989204836, 0.517430413790676, 0.4711738516912436, 0.4387863209790281, 0.407997966689222, 0.38743181408518723, 0.3581604718247338, 0.331702374588803, 0.3097599134649462, 0.29921064558236493, 0.27517301587345044, 0.2601275998917992, 0.24640753809981944, 0.22944843593765707, 0.22299711291899765, 0.2055807318871893, 0.19566854131419945, 0.19046266899084496, 0.176091950472511, 0.16804820880331955, 0.15343271405495645, 0.1542717804727347, 0.14203868596755026, 0.13484747088549998, 0.13171436031684852, 0.12205857329566003, 0.11569815488232066, 0.12326994131002432, 0.10851910632208485, 0.09908726067780077, 0.10187624480165637, 0.09585022991594604, 0.08853799398140529, 0.09261976702667563, 0.07956445532972398, 0.08335107820265739, 0.07300574823146891, 0.0745127619556187, 0.07149949690798664, 0.06473438925517108, 0.07418527512017951, 0.06031591187009726, 0.06733414286371235, 0.06081112705485519], 'train/acc': [39.214, 56.822, 65.522, 71.774, 75.736, 78.33, 80.596, 81.792, 83.564, 84.63, 85.758, 86.492, 87.368, 88.474, 89.202, 89.456, 90.396, 91.01, 91.57, 91.946, 92.164, 92.902, 93.166, 93.282, 93.792, 94.132, 94.53, 94.698, 94.964, 95.272, 95.35, 95.662, 95.972, 95.62, 96.18, 96.534, 96.39, 96.638, 96.846, 96.684, 97.236, 97.026, 97.368, 97.356, 97.506, 97.662, 97.318, 97.886, 97.668, 97.844], 'val/loss': [1.4886150562763214, 1.0449058562517166, 1.035093610882759, 0.8298123061656952, 0.7314729896187783, 0.6266960608959198, 0.5943565768003464, 0.6413162809610367, 0.559883740246296, 0.6287662288546563, 0.5096624733507633, 0.47368489295244215, 0.48955996602773666, 0.4735003362596035, 0.4807711625099182, 0.41439502939581874, 0.4998859252035618, 0.4332298931479454, 0.38462190866470336, 0.43214151471853257, 0.43667400792241096, 0.46416225969791414, 0.44017823502421377, 0.4253577119112015, 0.3980022317171097, 0.3734804031252861, 0.40912362590432166, 0.392009354531765, 0.3759097944200039, 0.37717184916138646, 0.3624179553985596, 0.37869699954986574, 0.3801552203297615, 0.37458168596029284, 0.39073487773537635, 0.37687299251556394, 0.3843598208576441, 0.3898820539563894, 0.39803684830665587, 0.46476413175463677, 0.41377279922366145, 0.38263209037482737, 0.3828205911815166, 0.3759791299700737, 0.416456370651722, 0.40107257373631, 0.3580597096681595, 0.4349146154522896, 0.40991889238357543, 0.402835343927145], 'val/acc': [46.68, 62.54, 65.01, 71.79, 75.29, 78.02, 80.29, 78.67, 81.16, 79.36, 83.16, 83.84, 83.41, 85.05, 84.68, 85.97, 84.45, 86.12, 87.29, 87.23, 85.97, 85.5, 86.65, 86.79, 87.83, 88.43, 88.25, 88.5, 88.95, 88.85, 89.62, 89.25, 89.39, 89.41, 89.1, 89.79, 89.37, 89.48, 89.64, 87.81, 89.13, 89.96, 89.98, 90.55, 89.37, 89.78, 90.39, 89.64, 89.96, 89.91]}"
"{'_runtime': 1479.054506511, '_step': 49, '_timestamp': 1746932318.2982893, '_wandb': {'runtime': 1479}, 'train/acc': 97.924, 'train/epoch_time': 28.331291675567627, 'train/loss': 0.0586368822495041, 'train/update_time': 0.7296535968780518, 'val/acc': 89.92, 'val/epoch_time': 1.942985773086548, 'val/loss': 0.41714641749858855}","{'lr': 0.0001, 'eta': None, 'name': 'SCAM_TopK_0.0001', 'strategy': 'TopK', 'num_steps': None, 'optimizer': 'CAdamW', 'num_epochs': 50, 'param_usage': 0.01, 'update_task': None, 'num_restarts': 5, 'error_correction': 'EF'}",SCAM_TopK_0.0001_restart_2,"{'train/loss': [1.651306034658876, 1.2046430461546953, 0.9783194921815487, 0.8121457020644947, 0.7144123232730514, 0.6240231027383634, 0.5603594986526558, 0.5137442016540585, 0.4797056869167806, 0.44185974450824816, 0.41685000020067403, 0.3847517658529989, 0.3637211972566517, 0.33592978024574194, 0.32055303229547827, 0.30109061601826603, 0.2816318007152709, 0.2660946035209824, 0.25484606051993797, 0.23293271270173285, 0.22888330810362725, 0.21207415868940255, 0.20022615426412935, 0.18941334173883623, 0.17250124245043605, 0.170286904934727, 0.16010403322518024, 0.15738482196884387, 0.14998126919845792, 0.13598990169784908, 0.1227487030693942, 0.12124520606930604, 0.12079886458528316, 0.12307344428966265, 0.10480785583767592, 0.10063262924294719, 0.09795429735727933, 0.09604150473194964, 0.09846963521922031, 0.08129009443914037, 0.08173454819185197, 0.08812164257059012, 0.08294700487704991, 0.0683758167140281, 0.07446299360402862, 0.07273442415363343, 0.06290122024629198, 0.0628976727671483, 0.0694642921080789, 0.0586368822495041], 'train/acc': [39.194, 56.472, 65.032, 71.406, 74.888, 78.344, 80.498, 82.202, 83.142, 84.66, 85.576, 86.686, 87.41, 88.334, 88.85, 89.482, 90.074, 90.752, 91.138, 91.826, 91.886, 92.648, 93.012, 93.348, 93.94, 94.022, 94.4, 94.45, 94.688, 95.238, 95.702, 95.772, 95.78, 95.614, 96.352, 96.47, 96.54, 96.498, 96.512, 97.11, 97.094, 96.844, 96.992, 97.532, 97.39, 97.37, 97.768, 97.698, 97.552, 97.924], 'val/loss': [1.4575335526466369, 1.077409991621971, 1.08162841796875, 0.7177453833818436, 0.801250650882721, 0.6166871058940887, 0.6466231101751327, 0.5924331465363503, 0.5344478005170822, 0.5566690489649773, 0.5950461894273757, 0.5241344577074051, 0.5568408668041229, 0.44789003014564516, 0.47261825785040856, 0.46143839716911317, 0.4553765548765659, 0.46123423740267755, 0.4562273629009724, 0.3950816404819488, 0.4067460398375988, 0.42405826807022096, 0.37528723388910296, 0.3764419350028038, 0.3968511436134577, 0.4109120059013367, 0.4010667318105698, 0.395561645925045, 0.39325059548020364, 0.4019706927239895, 0.46129533037543297, 0.3689378848671913, 0.38790381148457526, 0.4591366720199585, 0.38618847317993643, 0.36477190397679804, 0.38268815241754056, 0.38693169139325617, 0.4077964459359646, 0.3972320055216551, 0.4414792135357857, 0.4251272289454937, 0.38140470124781134, 0.42628116011619566, 0.42860191032290457, 0.4016321412473917, 0.4059375832229853, 0.434855677112937, 0.42143731012940405, 0.41714641749858855], 'val/acc': [47.43, 61.67, 62.46, 75.38, 72.75, 78.66, 78.53, 80.11, 81.76, 81.32, 81.09, 82.32, 82.04, 85.19, 84.88, 85.34, 85.36, 85.33, 85.99, 87.45, 87.12, 86.85, 88.19, 88.23, 87.83, 87.66, 88.28, 88.11, 88.45, 88.16, 87.31, 89.48, 89.02, 87.42, 89.23, 89.82, 89.63, 89.66, 89.2, 89.94, 88.91, 88.83, 90.02, 89.52, 89.53, 90.29, 90.04, 89.66, 89.8, 89.92]}"
"{'_runtime': 1496.827211304, '_step': 49, '_timestamp': 1746933816.844998, '_wandb': {'runtime': 1496}, 'train/acc': 97.92, 'train/epoch_time': 27.153510093688965, 'train/loss': 0.05938761968337133, 'train/update_time': 0.4068148136138916, 'val/acc': 89.8, 'val/epoch_time': 1.6872217655181885, 'val/loss': 0.421374866142869}","{'lr': 0.0001, 'eta': None, 'name': 'SCAM_TopK_0.0001', 'strategy': 'TopK', 'num_steps': None, 'optimizer': 'CAdamW', 'num_epochs': 50, 'param_usage': 0.01, 'update_task': None, 'num_restarts': 5, 'error_correction': 'EF'}",SCAM_TopK_0.0001_restart_3,"{'train/loss': [1.6583757104776096, 1.183834947436057, 0.9752720376414716, 0.8026613786702266, 0.701452443742996, 0.6057929796026186, 0.5591519869806821, 0.5084914578806103, 0.47307736565694786, 0.43041445920839333, 0.4095437437524576, 0.3728575952675032, 0.3539170428843754, 0.3369778396604616, 0.30956587961415194, 0.2908669017312472, 0.2721553879320774, 0.25845543977320956, 0.24593629571787842, 0.22897550972450115, 0.21465009016454067, 0.20342295529211268, 0.19596782235233376, 0.18389753837262274, 0.1751914205567916, 0.16317979271149696, 0.15592290652568078, 0.15048666323161186, 0.14213568753446154, 0.13235949862110036, 0.1304404825315146, 0.12018802241824778, 0.1116078453533866, 0.10698800382521147, 0.10682269044773048, 0.09861707257683319, 0.10216346905683465, 0.09470723068717952, 0.08472239351390726, 0.09120427687054553, 0.07873174318057649, 0.07667093622781661, 0.07872604410571363, 0.07216996085041624, 0.07213391876681839, 0.07080345808783227, 0.06369076245238105, 0.06508271170356085, 0.06392833990904757, 0.05938761968337133], 'train/acc': [38.958, 57.25, 65.388, 71.556, 75.35, 78.788, 80.602, 82.424, 83.342, 85.096, 85.736, 87.028, 87.668, 88.238, 89.274, 89.802, 90.506, 90.964, 91.344, 91.954, 92.564, 92.794, 93.102, 93.544, 93.822, 94.248, 94.444, 94.674, 94.938, 95.394, 95.452, 95.726, 96.13, 96.226, 96.292, 96.566, 96.392, 96.622, 97.076, 96.732, 97.206, 97.23, 97.19, 97.45, 97.39, 97.436, 97.796, 97.648, 97.692, 97.92], 'val/loss': [1.4110125744342803, 1.146666338443756, 0.9834845405817032, 0.8263757956027985, 0.7229582592844963, 0.6495172274112702, 0.684955716431141, 0.5357380980253219, 0.5058704665303231, 0.49851723939180376, 0.5527990317344665, 0.47399129018187525, 0.44329342305660246, 0.4467588546872139, 0.4886860936880112, 0.4795229032635689, 0.42194544851779936, 0.48497650027275085, 0.4069286730885506, 0.43483867585659025, 0.399195808917284, 0.43374467983841897, 0.4079894384741783, 0.36606171220541, 0.397104769051075, 0.3926099175214767, 0.3701471285521984, 0.4192687793076038, 0.38669424898922444, 0.4090957432985306, 0.38398546040058135, 0.42039610162377355, 0.3754794892668724, 0.40460774406790734, 0.4292568700015545, 0.4141086871922016, 0.36699877768754957, 0.4182078118622303, 0.36657891146838667, 0.384389069378376, 0.39386561661958697, 0.37601659566164014, 0.3781281891465187, 0.398456057831645, 0.4156852025538683, 0.43180121198296545, 0.3925588066130877, 0.39678959771990774, 0.3935321256518364, 0.421374866142869], 'val/acc': [49.56, 59.95, 65.79, 71.43, 75.17, 77.89, 76.96, 82.01, 82.42, 82.84, 81.28, 84.33, 84.73, 84.94, 85.03, 84.68, 86.48, 84.09, 86.81, 86.44, 87.16, 86.83, 87.44, 88.76, 88.01, 88.26, 88.32, 87.99, 88.86, 88.28, 89.01, 88.07, 89.6, 88.79, 88.8, 88.96, 89.69, 89.26, 90.38, 89.67, 89.9, 90.35, 90.54, 89.91, 89.66, 89.23, 90.42, 89.73, 90.28, 89.8]}"
"{'_runtime': 1498.731296422, '_step': 49, '_timestamp': 1746935317.404327, '_wandb': {'runtime': 1498}, 'train/acc': 97.934, 'train/epoch_time': 27.198587894439697, 'train/loss': 0.059158075134010266, 'train/update_time': 0.4875154495239258, 'val/acc': 89.71, 'val/epoch_time': 2.261555433273315, 'val/loss': 0.43475123345851896}","{'lr': 0.0001, 'eta': None, 'name': 'SCAM_TopK_0.0001', 'strategy': 'TopK', 'num_steps': None, 'optimizer': 'CAdamW', 'num_epochs': 50, 'param_usage': 0.01, 'update_task': None, 'num_restarts': 5, 'error_correction': 'EF'}",SCAM_TopK_0.0001_restart_4,"{'train/loss': [1.6466698948379672, 1.195328810025969, 0.9492641826114996, 0.8019986521557468, 0.693972338419741, 0.6160603922498805, 0.5658361763143174, 0.509332739788553, 0.4726772992049946, 0.4366047958583783, 0.40615855645188287, 0.3793843194575566, 0.36397432049979334, 0.3411631537291705, 0.31373516811281826, 0.29416999380911707, 0.279501874733459, 0.2632795515877511, 0.24558178468814593, 0.23332766212923142, 0.23133399648129788, 0.2058008728772783, 0.2019551886469507, 0.192763017990705, 0.17481056987629523, 0.17191187872568056, 0.16392307227377392, 0.1562549301692287, 0.14713594708067682, 0.14496631259122467, 0.1363681118335108, 0.12389578497813791, 0.12168579127477563, 0.10666291994016494, 0.11195115997072529, 0.10230103114624615, 0.09913714968449319, 0.09863109726582647, 0.08816147242170161, 0.09049156501107966, 0.0800896067948788, 0.08626091888512644, 0.07899130195798472, 0.07321525510171871, 0.07481656851404159, 0.0672476692768314, 0.06404733797178015, 0.06555564109655217, 0.061903467096979053, 0.059158075134010266], 'train/acc': [39.07, 56.61, 65.964, 71.848, 75.86, 78.488, 80.21, 82.334, 83.538, 84.706, 85.866, 86.894, 87.254, 88.164, 89.134, 89.694, 90.322, 90.828, 91.532, 91.798, 91.758, 92.916, 92.848, 93.362, 93.838, 93.88, 94.298, 94.366, 94.816, 94.992, 95.122, 95.688, 95.826, 96.216, 95.972, 96.394, 96.5, 96.522, 96.892, 96.81, 97.108, 96.926, 97.1, 97.39, 97.356, 97.682, 97.684, 97.634, 97.812, 97.934], 'val/loss': [1.4413964188098907, 1.1316580039262771, 0.9885339337587357, 0.824044671356678, 0.6996993038058281, 0.6709967517852783, 0.6363151958584785, 0.5514855661988258, 0.5235663378238677, 0.5360006888210773, 0.4898508208990097, 0.46451163992285727, 0.5397531530261039, 0.41656160578131673, 0.48512290716171264, 0.45368846103549004, 0.42201052233576775, 0.4078642053902149, 0.49176506280899046, 0.3985179130733013, 0.5657655316591262, 0.4153211911022663, 0.39300548925995826, 0.35453364208340643, 0.4133219192922115, 0.3808698008954525, 0.4169702488183975, 0.46322140604257583, 0.3817053417861462, 0.37109441742300986, 0.37058434590697287, 0.39911678731441497, 0.3991682647168636, 0.4393971648812294, 0.3874356363713741, 0.3986360067129135, 0.3860463406145573, 0.40712852232158186, 0.41425494641065597, 0.35243059501051904, 0.39539602398872375, 0.4093913555145264, 0.3971161660552025, 0.3973065771907568, 0.3854213686287403, 0.4114051225781441, 0.41861053109169005, 0.4180605801194906, 0.4133648166060448, 0.43475123345851896], 'val/acc': [48.17, 59.99, 66.35, 71.83, 75.61, 77.55, 77.69, 81.61, 82.48, 82.09, 83.72, 84.3, 82.19, 86.16, 84.15, 85.51, 86.2, 86.73, 85.08, 87.16, 83.71, 87.04, 87.98, 88.85, 87.63, 88.12, 87.84, 86.06, 89.14, 89.07, 89.19, 88.88, 88.57, 87.99, 89.67, 89.0, 89.53, 88.66, 89.11, 90.31, 89.51, 89.34, 89.57, 89.89, 89.86, 89.97, 89.7, 89.81, 90.23, 89.71]}"
"{'_runtime': 1826.88318089, '_step': 49, '_timestamp': 1746937146.0068486, '_wandb': {'runtime': 1826}, 'train/acc': 99.09, 'train/epoch_time': 31.82721710205078, 'train/loss': 0.02568181517058769, 'train/update_time': 3.2614493370056152, 'val/acc': 90.87, 'val/epoch_time': 2.0436556339263916, 'val/loss': 0.4717017191648483}","{'lr': 0.0001, 'eta': None, 'name': 'SCAM_c_EF_0.0001', 'strategy': 'SCAM', 'num_steps': None, 'optimizer': 'CAdamW', 'num_epochs': 50, 'param_usage': 0.01, 'update_task': 'gradient_descent', 'num_restarts': 5, 'update_kwargs': {'eta': 1000000, 'scale': 2, 'num_steps': 50}, 'error_correction': 'EF'}",SCAM_c_EF_0.0001_restart_0,"{'train/loss': [1.6775715643792506, 1.1954941569691728, 0.9367135031448911, 0.7712030270520378, 0.6491623836405137, 0.5580475966796241, 0.48807102693316273, 0.4301502232813774, 0.3924805206029921, 0.34849075942545593, 0.31232642224225243, 0.29142592965489456, 0.26224722019623004, 0.2356554906234107, 0.2191832842462508, 0.2051308968907122, 0.1825909692498729, 0.1712200513295353, 0.15311432544075315, 0.14210481286201332, 0.12937540910623568, 0.11883702624560621, 0.10782675611336365, 0.10327891317551094, 0.10006067669376388, 0.09101264630360982, 0.08609328249855266, 0.07935418826920906, 0.07468305986203119, 0.07079154248718562, 0.06592516677782816, 0.05894695201655254, 0.05729267175507058, 0.053335414622979395, 0.05426109747965927, 0.048473918921245106, 0.04683314702804665, 0.048854995853579636, 0.04268999528997313, 0.041287383317704436, 0.038409074220587223, 0.03787856415578681, 0.037444672457066355, 0.03394522709424234, 0.033698950233199944, 0.02990966321617041, 0.02875042153650995, 0.029470044057196974, 0.028931708475265203, 0.02568181517058769], 'train/acc': [37.442, 57.19, 66.504, 72.888, 77.26, 80.554, 83.138, 85.204, 86.494, 88.036, 89.16, 89.946, 90.886, 91.858, 92.212, 92.918, 93.718, 94.012, 94.74, 95.016, 95.368, 95.822, 96.312, 96.344, 96.492, 96.858, 97.024, 97.258, 97.318, 97.53, 97.628, 97.94, 97.942, 98.148, 98.062, 98.298, 98.36, 98.232, 98.462, 98.498, 98.654, 98.654, 98.684, 98.846, 98.808, 98.976, 99.01, 98.928, 99.014, 99.09], 'val/loss': [1.3996061992645263, 1.1103081476688386, 0.8922915011644363, 0.7202353358268738, 0.6491326358914375, 0.5687589693069458, 0.5206160563230514, 0.4823828469216824, 0.4510668782889843, 0.4337330687046051, 0.4172275534272194, 0.39918640032410624, 0.38687495194375515, 0.3873602019250393, 0.3779223456978798, 0.3814434337615967, 0.3771384383738041, 0.3779822015762329, 0.3597247403860092, 0.3789206174015999, 0.3677185815572739, 0.36887368351221084, 0.37936454467475417, 0.39584935292601586, 0.3871211813390255, 0.4034009701013565, 0.4039842881262302, 0.3943515768647194, 0.4359467598795891, 0.40180482015013697, 0.41698317393660544, 0.40352424487471583, 0.42303771175444127, 0.4251371325552464, 0.4354803682118654, 0.4246347823739052, 0.4457502371072769, 0.42555163547396657, 0.43260347954928874, 0.4248867280781269, 0.4618695928156376, 0.439313335865736, 0.4654094159603119, 0.46896495670080185, 0.4482233557105064, 0.47160872727632525, 0.4621183724701405, 0.47163334012031555, 0.4689164391160011, 0.4717017191648483], 'val/acc': [49.72, 61.36, 68.66, 74.8, 77.78, 81.03, 82.35, 83.85, 84.62, 85.81, 86.18, 87.29, 87.57, 87.89, 88.1, 87.91, 88.16, 88.57, 89.01, 88.93, 89.32, 89.35, 89.39, 89.18, 89.72, 89.41, 89.72, 89.6, 89.13, 89.96, 89.71, 90.21, 90.1, 89.98, 90.16, 90.39, 90.41, 90.57, 90.26, 90.6, 90.2, 91.07, 90.68, 90.55, 90.88, 90.79, 90.85, 90.8, 90.75, 90.87]}"
"{'_runtime': 1666.416229218, '_step': 49, '_timestamp': 1746938814.1934052, '_wandb': {'runtime': 1666}, 'train/acc': 98.984, 'train/epoch_time': 29.504660844802856, 'train/loss': 0.028361155404387724, 'train/update_time': 3.0064916610717773, 'val/acc': 90.86, 'val/epoch_time': 1.9728713035583496, 'val/loss': 0.47996223248541353}","{'lr': 0.0001, 'eta': None, 'name': 'SCAM_c_EF_0.0001', 'strategy': 'SCAM', 'num_steps': None, 'optimizer': 'CAdamW', 'num_epochs': 50, 'param_usage': 0.01, 'update_task': 'gradient_descent', 'num_restarts': 5, 'update_kwargs': {'eta': 1000000, 'scale': 2, 'num_steps': 50}, 'error_correction': 'EF'}",SCAM_c_EF_0.0001_restart_1,"{'train/loss': [1.6880418903687422, 1.1838984126630037, 0.9255825543342648, 0.7514551134060716, 0.6326007631886036, 0.5471522379714204, 0.4712681904854372, 0.4289700388908386, 0.37291443184056244, 0.34555047708551595, 0.3081160692874428, 0.2793853479959166, 0.25625528658137603, 0.2316227192464082, 0.21569698494489845, 0.19339175005931683, 0.17498460057598855, 0.15793313240379933, 0.14020678531521422, 0.1345405608720487, 0.1266705653322932, 0.11845287500554338, 0.10471630367019293, 0.10010465073978048, 0.08960936758714869, 0.08344628328643262, 0.07899091261751054, 0.07431613653660049, 0.07305924539380443, 0.06518298017618525, 0.06328726243561186, 0.06491615038479456, 0.055506929818331205, 0.05048064815113917, 0.04923357556948005, 0.04663157515832797, 0.04989488518622982, 0.04366305793333046, 0.03997292933637834, 0.03925262300280945, 0.035806134573000546, 0.03293975508269256, 0.03278304799638517, 0.03177581181335251, 0.03381987539795287, 0.03036890458434706, 0.03210246236607804, 0.03424777694360908, 0.03181886194360769, 0.028361155404387724], 'train/acc': [37.744, 57.206, 67.02, 73.332, 77.822, 80.972, 83.736, 85.138, 86.98, 88.062, 89.244, 90.266, 91.042, 91.962, 92.496, 93.286, 93.932, 94.484, 95.048, 95.306, 95.594, 95.664, 96.314, 96.48, 96.862, 97.046, 97.212, 97.382, 97.372, 97.714, 97.764, 97.658, 98.084, 98.192, 98.242, 98.336, 98.168, 98.47, 98.62, 98.612, 98.784, 98.866, 98.834, 98.908, 98.8, 99.002, 98.866, 98.816, 98.868, 98.984], 'val/loss': [1.417640436887741, 1.0433368134498595, 0.8362904816865921, 0.6933258950710297, 0.6509748539328575, 0.5481784716248512, 0.5199649673700333, 0.4693238104879856, 0.4529227216541767, 0.4337743751704693, 0.4037230350077152, 0.40613532170653344, 0.3943141935765743, 0.38878671295940875, 0.3655652913451195, 0.36376388430595397, 0.3681012890487909, 0.36638722106814386, 0.3559714628756046, 0.3652987341582775, 0.3757602544873953, 0.37260965183377265, 0.38197916686534883, 0.37803893387317655, 0.39888356998562813, 0.4013332699239254, 0.3991783272475004, 0.4296251140534878, 0.4065548798441887, 0.41395867243409157, 0.41011986166238784, 0.3974099753797054, 0.3962781635671854, 0.41934642523527144, 0.41363292150199416, 0.4184925640374422, 0.42264216363430024, 0.4357725204527378, 0.4568540158867836, 0.43242871180176734, 0.432435374930501, 0.43720473781228064, 0.4419121347367764, 0.4399703449010849, 0.4536163055896759, 0.45514911130070684, 0.46864558920264243, 0.48028770193457604, 0.45627851158380506, 0.47996223248541353], 'val/acc': [48.6, 62.63, 70.33, 76.05, 77.94, 81.33, 82.26, 83.85, 85.15, 85.57, 86.9, 86.63, 87.51, 87.48, 88.42, 88.93, 88.88, 88.78, 89.17, 89.43, 89.24, 89.58, 89.35, 89.78, 89.45, 90.06, 90.01, 89.31, 90.0, 90.21, 90.24, 90.56, 90.25, 90.52, 90.68, 90.49, 90.45, 90.72, 90.11, 91.03, 90.87, 90.65, 90.99, 90.81, 90.63, 91.07, 90.89, 90.47, 91.1, 90.86]}"
"{'_runtime': 1564.467068431, '_step': 49, '_timestamp': 1746940380.2800725, '_wandb': {'runtime': 1564}, 'train/acc': 99.068, 'train/epoch_time': 29.261062383651733, 'train/loss': 0.025947912499996954, 'train/update_time': 2.99446702003479, 'val/acc': 91.02, 'val/epoch_time': 1.7676360607147217, 'val/loss': 0.4551999746635556}","{'lr': 0.0001, 'eta': None, 'name': 'SCAM_c_EF_0.0001', 'strategy': 'SCAM', 'num_steps': None, 'optimizer': 'CAdamW', 'num_epochs': 50, 'param_usage': 0.01, 'update_task': 'gradient_descent', 'num_restarts': 5, 'update_kwargs': {'eta': 1000000, 'scale': 2, 'num_steps': 50}, 'error_correction': 'EF'}",SCAM_c_EF_0.0001_restart_2,"{'train/loss': [1.6753854175357867, 1.1928033103113589, 0.9329494574795598, 0.764566180041379, 0.6432577205436004, 0.5509781083639931, 0.48191559406192713, 0.4269926639469078, 0.3839304142290979, 0.3454069039019782, 0.31631190617523536, 0.2915563020483612, 0.25645206289370653, 0.2324009561706382, 0.2178491915735747, 0.1957160500461793, 0.1831861599860594, 0.1650124987982728, 0.15038089566599683, 0.14181903020843215, 0.13914471210154425, 0.1191611162165318, 0.11033507302174787, 0.10348047357995796, 0.09259538063326912, 0.08997880411632073, 0.08292029786597738, 0.07494720702995654, 0.07348338381894638, 0.06833688028709357, 0.06317704926957102, 0.062393290233676846, 0.057406770772850876, 0.05216518432483115, 0.05220626210770034, 0.0467339556674947, 0.04373469244083747, 0.04147539857079458, 0.04158645097161536, 0.03938608108650502, 0.04185872116004643, 0.03856528095205498, 0.03674395821269249, 0.03204031723320408, 0.03398003412441582, 0.03370272832841653, 0.030744837406907193, 0.03238667821799836, 0.027460481611240053, 0.025947912499996954], 'train/acc': [38.114, 56.71, 66.712, 73.132, 77.474, 80.848, 83.314, 85.262, 86.6, 87.994, 88.83, 89.92, 91.05, 91.888, 92.404, 93.21, 93.478, 94.224, 94.772, 95.104, 95.052, 95.856, 96.146, 96.28, 96.726, 96.774, 97.072, 97.398, 97.436, 97.6, 97.726, 97.826, 97.946, 98.146, 98.1, 98.326, 98.506, 98.522, 98.526, 98.662, 98.51, 98.644, 98.73, 98.914, 98.824, 98.834, 98.954, 98.828, 99.022, 99.068], 'val/loss': [1.330112122297287, 1.009246250987053, 0.9333405911922454, 0.7010581940412521, 0.6113978415727616, 0.5556075844168663, 0.5123747658729553, 0.47161313220858575, 0.4578296409547329, 0.4375983101129532, 0.41774507716298104, 0.4039619992673397, 0.37121625132858754, 0.38244177162647247, 0.3683577698469162, 0.37243798591196536, 0.3749226702004671, 0.3729864759743214, 0.37476145386695864, 0.37548324570059777, 0.3675809259712696, 0.35655069693922997, 0.3937444525957108, 0.3619495042413473, 0.3774842771142721, 0.388781259432435, 0.39128772139549256, 0.3859945597872138, 0.3996648968756199, 0.3951742527633905, 0.4109842958301306, 0.4215574774891138, 0.4070333509147167, 0.41624734342098235, 0.41802296742796896, 0.4141165119409561, 0.41875029288232324, 0.42747288413345813, 0.44522220611572266, 0.44113819163292645, 0.4438345369696617, 0.46212162531912326, 0.44599329940974713, 0.4278069041669369, 0.4414485827088356, 0.4364178217202425, 0.450976041033864, 0.4622978041321039, 0.4534591539017856, 0.4551999746635556], 'val/acc': [51.51, 63.62, 67.35, 75.8, 78.51, 81.3, 82.78, 83.95, 84.33, 85.34, 86.31, 86.87, 87.8, 87.67, 88.5, 88.34, 88.58, 88.78, 88.75, 89.2, 89.4, 89.79, 89.23, 90.21, 90.3, 90.05, 89.99, 90.21, 90.09, 90.34, 90.7, 89.87, 90.44, 90.52, 90.4, 90.85, 90.94, 90.97, 90.73, 90.44, 90.87, 90.58, 91.22, 91.24, 91.15, 91.2, 91.16, 90.95, 91.25, 91.02]}"
"{'_runtime': 1570.855386523, '_step': 49, '_timestamp': 1746941952.8310232, '_wandb': {'runtime': 1570}, 'train/acc': 99.066, 'train/epoch_time': 29.990090370178223, 'train/loss': 0.027361401649432543, 'train/update_time': 2.8399124145507812, 'val/acc': 90.97, 'val/epoch_time': 2.121638774871826, 'val/loss': 0.46997359028086066}","{'lr': 0.0001, 'eta': None, 'name': 'SCAM_c_EF_0.0001', 'strategy': 'SCAM', 'num_steps': None, 'optimizer': 'CAdamW', 'num_epochs': 50, 'param_usage': 0.01, 'update_task': 'gradient_descent', 'num_restarts': 5, 'update_kwargs': {'eta': 1000000, 'scale': 2, 'num_steps': 50}, 'error_correction': 'EF'}",SCAM_c_EF_0.0001_restart_3,"{'train/loss': [1.6672297588089848, 1.1623985165220392, 0.9075356964260111, 0.7392987182835484, 0.6281989014819455, 0.5385078393742252, 0.47657356664652717, 0.4250912711291057, 0.3782250925784221, 0.34267450381270453, 0.3061205562194595, 0.27813824782591035, 0.2601307452182331, 0.2369745766072322, 0.208611742405178, 0.19454112538443807, 0.17921466890084164, 0.16686258215428618, 0.15549321610794958, 0.13160591867878613, 0.12744406590719357, 0.12259304092344268, 0.11158612526743614, 0.1056126319014889, 0.09389817703734427, 0.09176618757340914, 0.08187555359281085, 0.07497271424745355, 0.07476780224648659, 0.06954553089273707, 0.05850688959150325, 0.059416048444302566, 0.05602466381247848, 0.05519830900461167, 0.05490539081947273, 0.047760784435455145, 0.04731640915917542, 0.04421289621368813, 0.04282145696582601, 0.04020428599770683, 0.0401722909686158, 0.04185777885155738, 0.035935842236170495, 0.032850199325434155, 0.030696074121043353, 0.029041865373404262, 0.03242473784522118, 0.03157330156349198, 0.03246322807693935, 0.027361401649432546], 'train/acc': [38.576, 57.726, 67.536, 73.618, 78.11, 81.29, 83.322, 85.28, 86.934, 88.118, 89.296, 90.344, 91.09, 91.82, 92.732, 93.242, 93.758, 94.188, 94.554, 95.306, 95.614, 95.56, 96.12, 96.254, 96.714, 96.812, 97.044, 97.368, 97.348, 97.542, 97.934, 97.936, 98.016, 97.99, 97.992, 98.282, 98.334, 98.454, 98.544, 98.608, 98.636, 98.472, 98.724, 98.866, 98.932, 99.002, 98.848, 98.92, 98.828, 99.066], 'val/loss': [1.3233058369159698, 1.0788542503118514, 0.8276363497972489, 0.7054262465238571, 0.6049636656045914, 0.5726966214179993, 0.5056886857748032, 0.4863142403960228, 0.45774121820926666, 0.42704344883561135, 0.4015172244608402, 0.40700179159641264, 0.3889058980345726, 0.39312273532152175, 0.37381045415997505, 0.3775655470043421, 0.3855079348385334, 0.3736505715548992, 0.3543983289599419, 0.3875162507593632, 0.3772979160398245, 0.3709371952712536, 0.3769088389724493, 0.3623772896826267, 0.38206678912043573, 0.39167244985699656, 0.4005818040668964, 0.39328440219163896, 0.3862532004714012, 0.38558644585311413, 0.3819306384027004, 0.41965765073895456, 0.42020653367042543, 0.428474035859108, 0.41394237250089644, 0.4251517048478127, 0.43062746308743954, 0.4223323601484299, 0.4406060656905174, 0.42980234235525133, 0.42111160069704057, 0.4498519302904606, 0.440100037753582, 0.4628348384052515, 0.44849155701696874, 0.44713439531624316, 0.45211045429110525, 0.45202367201447485, 0.4879113910347223, 0.46997359028086066], 'val/acc': [51.07, 61.77, 70.84, 75.32, 79.34, 80.7, 82.99, 83.62, 84.95, 86.19, 86.5, 86.99, 87.62, 87.55, 88.37, 88.1, 88.47, 88.84, 89.45, 88.84, 89.04, 89.49, 89.93, 90.08, 89.82, 89.54, 89.66, 90.2, 90.41, 90.66, 90.24, 90.01, 90.04, 90.47, 90.35, 90.7, 90.49, 90.89, 90.49, 90.65, 91.14, 90.43, 90.88, 90.6, 90.69, 91.17, 91.07, 91.14, 90.68, 90.97]}"
"{'_runtime': 1825.302135757, '_step': 49, '_timestamp': 1746943779.7813578, '_wandb': {'runtime': 1825}, 'train/acc': 99, 'train/epoch_time': 29.11734962463379, 'train/loss': 0.0275574742653824, 'train/update_time': 3.039881944656372, 'val/acc': 90.97, 'val/epoch_time': 1.9516406059265137, 'val/loss': 0.4796155923604965}","{'lr': 0.0001, 'eta': None, 'name': 'SCAM_c_EF_0.0001', 'strategy': 'SCAM', 'num_steps': None, 'optimizer': 'CAdamW', 'num_epochs': 50, 'param_usage': 0.01, 'update_task': 'gradient_descent', 'num_restarts': 5, 'update_kwargs': {'eta': 1000000, 'scale': 2, 'num_steps': 50}, 'error_correction': 'EF'}",SCAM_c_EF_0.0001_restart_4,"{'train/loss': [1.679560455824713, 1.1852656618103652, 0.9250031860588152, 0.7663661636354978, 0.6395534270864618, 0.5531061383159569, 0.49029739608850015, 0.4343730541293883, 0.3818789956819676, 0.3515064866112931, 0.3123027540533744, 0.2868792495459242, 0.26276446589271124, 0.23547414011891235, 0.21625784855059652, 0.20303363429234766, 0.1793803195171344, 0.16248555327086803, 0.15436879072881415, 0.1379265170782576, 0.12969824358287368, 0.12391141288058685, 0.11314281182901939, 0.10438167296178505, 0.09935000285868296, 0.09193674555939177, 0.08074747048356497, 0.07558636428059443, 0.07034936337195852, 0.06814514050055342, 0.06010844916238657, 0.05713933952810133, 0.059448508870885576, 0.05863793865751351, 0.050746130733214836, 0.04956018358178418, 0.04400141493600729, 0.04264589534867603, 0.04418574516659083, 0.04146415530346677, 0.037346811188013314, 0.0366551084533248, 0.03490097937829164, 0.03467028701434965, 0.03494218758145428, 0.031586260159078346, 0.02914630216183117, 0.0282220183008248, 0.02908050226073836, 0.0275574742653824], 'train/acc': [38.24, 57.422, 67.192, 72.9, 77.556, 80.596, 82.882, 84.838, 86.604, 87.764, 89.104, 90.04, 90.916, 91.762, 92.462, 92.922, 93.732, 94.356, 94.518, 95.11, 95.448, 95.57, 96.046, 96.282, 96.5, 96.714, 97.166, 97.344, 97.506, 97.582, 97.96, 97.932, 97.864, 97.918, 98.182, 98.184, 98.464, 98.516, 98.42, 98.57, 98.686, 98.752, 98.804, 98.766, 98.754, 98.878, 98.928, 99.024, 98.94, 99.0], 'val/loss': [1.354922068119049, 1.1002758735418319, 0.840568482875824, 0.763302141726017, 0.6158071780204772, 0.5603994074463844, 0.5191419734060765, 0.4874063816666603, 0.4404005794227123, 0.43781360432505606, 0.4301997764408588, 0.4007298921048641, 0.38859609723091126, 0.4050205956399441, 0.3791374856233597, 0.3903175088763237, 0.38260707929730414, 0.3825638610124588, 0.39888274148106573, 0.3780739465355873, 0.39568887300789357, 0.38105517148971557, 0.38345633529126644, 0.39618401482701304, 0.40486476220190526, 0.3885395283997059, 0.3780031890422106, 0.4131484891474247, 0.42784645691514017, 0.4295557432621717, 0.43950714185833933, 0.44277691520750523, 0.4332516570389271, 0.4361861039698124, 0.4364901004731655, 0.4201426275074482, 0.4433283335715532, 0.4481461919844151, 0.4517081423103809, 0.45029774606227874, 0.45139590844511984, 0.46786199748516083, 0.46737466141581535, 0.49229035928845405, 0.45713689669966695, 0.45823147866874936, 0.46722583934664724, 0.4710117955505848, 0.47485020831227304, 0.4796155923604965], 'val/acc': [50.24, 60.9, 70.4, 73.92, 78.72, 80.87, 82.46, 84.03, 85.44, 85.29, 85.95, 87.13, 87.46, 87.15, 88.33, 88.16, 88.36, 88.48, 88.56, 89.25, 89.0, 89.41, 89.5, 89.32, 88.98, 90.12, 90.02, 89.75, 89.68, 90.12, 89.78, 90.25, 89.89, 90.09, 90.03, 90.75, 90.54, 90.7, 90.5, 90.77, 90.4, 90.72, 90.63, 90.29, 90.83, 90.75, 91.19, 90.92, 90.87, 90.97]}"
